IP,Puerto,Organizaci√≥n,Sistema Operativo
142.111.244.105,443,"Ace Data Centers II, L.L.C.",
91.193.18.84,443,HZ Hosting Ltd,
194.87.26.75,443,TimeWeb Ltd.,
193.42.60.96,443,Mo's Operations GmbH,
185.130.45.99,443,Privex Inc.,
46.226.164.30,443,Aeza International LTD,
185.229.65.181,443,Aeza International LTD,
193.23.118.200,443,LayerSwitch B.V.,
109.248.160.100,443,CGI GLOBAL LIMITED,
77.221.145.187,443,ALEKSEI FEDOROV PR KRUSEVAC,
94.159.110.173,443,H2.NEXUS Frankfurt Network,
5.144.179.250,443,CGI GLOBAL LIMITED,
31.57.62.192,443,GOLD IP L.L.C-FZ,
62.60.229.176,443,Aeza International LTD,
213.176.66.91,8443,Aeza International LTD,
172.233.33.5,8443,Linode,
195.200.28.103,443,SERVERS TECH FZCO,
77.83.196.173,443,HZ Hosting Ltd,
198.35.26.96,443,Wikimedia Foundation Inc.,
31.172.73.22,443,"www.fornex.com, Fornex Hosting S.L.",
38.180.228.210,443,3NT SOLUTIONS LLP,
91.84.97.115,7443,SERVERS TECH FZCO,
185.254.158.109,443,Individual Entrepreneur Anton Levin,
91.199.160.42,8443,SmartApe OU,
212.34.134.29,7443,SERVERS TECH FZCO,
89.110.83.4,7443,SERVERS TECH FZCO,
62.204.42.84,443,Hosting Provider EuroHoster Ltd.,
83.147.252.11,7443,AEZA INTERNATIONAL LTD,
91.226.31.15,443,Auction LLC,
198.199.82.26,443,"DigitalOcean, LLC",
45.95.175.140,443,Mo's Operations GmbH,
103.80.86.46,443,Soltia Consulting SL,
194.58.45.161,7443,RCS Technologies FZE LLC,
46.17.98.156,443,HOSTKEY B.V.,
31.59.121.243,443,GOLD IP L.L.C-FZ,
37.27.19.204,8443,Hetzner Online GmbH,
81.19.139.95,48334,GLOBAL CONNECTIVITY SOLUTIONS LLP,
81.19.139.95,48778,GLOBAL CONNECTIVITY SOLUTIONS LLP,
109.107.161.67,443,New Hosting Technologies LLC,
206.188.196.43,443,BL Networks,
46.36.221.137,443,Network for hosting services,
5.61.39.253,443,IROKO Networks Corporation,
49.13.11.132,4433,Hetzner Online GmbH,
84.252.73.70,444,FIRST SERVER LIMITED,
38.180.0.79,443,3NT SOLUTIONS LLP,
62.60.245.221,443,Aeza International LTD,
85.198.90.173,443,ITGLOBALCOM KAZ LLP,
147.45.41.91,443,Aeza International LTD,
208.80.154.224,443,Wikimedia Foundation Inc.,
146.103.108.57,443,SERVERS TECH FZCO,
138.124.118.81,443,Aeza International LTD,
31.56.204.214,443,AE-GOLDIP,
130.162.244.58,443,Oracle Public Cloud,
79.174.13.5,443,JSC IOT,
185.4.72.229,443,Network for hosting services,
77.238.232.5,443,SERVERS TECH FZCO,
178.130.43.26,443,SERVERS TECH FZCO,
45.14.50.87,443,ITGLOBAL.COM NL B.V.,
64.188.76.4,443,"Ace Data Centers II, LLC",
5.187.4.108,8443,"www.fornex.com, Fornex Hosting S.L.",
65.87.7.44,443,Internet Utilities NA LLC,
45.80.230.213,443,"SIA ""Singularity Telecom""",
95.216.223.188,443,Hetzner Online GmbH,
46.62.194.55,443,Hetzner Online GmbH,
212.34.155.11,7443,SERVERS TECH FZCO,
64.188.79.193,443,"Ace Data Centers II, LLC",
94.159.98.120,443,H2.NEXUS Frankfurt Network,
80.74.28.8,443,CLODO CLOUD SERVICE CO. L.L.C,
62.60.245.37,443,Aeza International LTD,
89.36.161.192,443,Melbikomas UAB,
175.24.4.247,443,"Tencent cloud computing (Beijing) Co., Ltd.",
77.91.87.191,22022,Aeza International LTD,Linux
80.92.206.113,443,STARK INDUSTRIES SOLUTIONS LTD,
95.182.99.188,443,CGI GLOBAL LIMITED,
194.135.38.175,7443,TimeWeb Ltd.,
5.39.252.200,443,Baxet Group Inc.,
185.106.94.8,443,Aeza International LTD,
208.80.153.224,443,Wikimedia Foundation Inc.,
124.221.29.25,443,"Tencent cloud computing (Beijing) Co., Ltd.",
5.75.195.19,443,Hetzner Online GmbH,
185.231.69.157,443,Podaon SIA,
62.60.217.218,443,Aeza International LTD,
31.57.61.172,443,GOLD IP L.L.C-FZ,
4.241.131.242,443,Microsoft Corporation,
91.149.221.150,443,BG-NETWORK,
194.58.59.115,443,Reliable Communications s.r.o.,
85.206.172.242,443,"Informacines sistemos ir technologijos, UAB",
139.177.177.231,443,Linode,
81.2.236.135,443,Cloud Services CZ1,
93.115.17.10,443,MVPS LTD,
65.87.7.250,443,Internet Utilities NA LLC,
5.35.36.16,443,SERVERS TECH FZCO,
31.56.27.111,443,TNGNET B.V.,
185.36.145.162,443,NOAVARAN SHABAKEH SABZ MEHREGAN (Ltd.),
185.229.65.64,443,Aeza International LTD,
91.149.222.124,443,BG-NETWORK,
84.247.164.5,443,Contabo GmbH,
138.124.60.124,443,Aeza International LTD,
138.124.118.79,443,Aeza International LTD,
91.107.158.143,443,Hetzner Online GmbH,
